Title,Description,List,Due Date,Priority,Labels
"Criar 6 códigos secretos das equipes","Definir códigos memoráveis para Azul, Verde, Amarela, Roxa, Laranja e Vermelha. Atualizar em assets/config.js","DIA 1: Configuração Central",,High,"Configuração,Urgente"
"Obter coordenadas GPS dos 6 locais","Abrir Google Maps, clicar em cada local, copiar coordenadas (lat,lng). Atualizar em assets/config.js","DIA 1: Configuração Central",,High,"Configuração,GPS,Urgente"
"Escolher 3 autores-chave das duplas","Dupla 1 (Azul+Verde), Dupla 2 (Amarela+Roxa), Dupla 3 (Laranja+Vermelha). Verificar se existem na lista de 15 autores","DIA 1: Configuração Central",,High,"Configuração,Literatura,Urgente"
"Definir frase-chave final","Criar frase relacionada à temática da birita. Máx 5-6 palavras. Atualizar em assets/config.js","DIA 1: Configuração Central",,High,"Configuração,Urgente"
"Definir mensagem de encerramento","Escrever mensagem que aparece quando a equipe acerta. Deve mencionar open bar e prêmio","DIA 1: Configuração Central",,High,"Configuração,Urgente"
"Testar site localmente","Abrir index.html no navegador. Testar todos os códigos, coordenadas, autores, frase-chave e confete","DIA 2: Hospedagem e Testes",,"High","Teste,QA"
"Escolher plataforma de hospedagem","GitHub Pages, Netlify ou Vercel. Recomendado: GitHub Pages (grátis)","DIA 2: Hospedagem e Testes",,High,"Hospedagem,Infraestrutura"
"Fazer upload para GitHub Pages","Criar repositório no GitHub, fazer push do código, ativar GitHub Pages nas configurações","DIA 2: Hospedagem e Testes",,High,"Hospedagem,DevOps"
"Criar 3 contas de Instagram para duplas","Dupla 1: ___, Dupla 2: ___, Dupla 3: ___. Criar bios com pistas relacionadas ao ARG","DIA 2: Hospedagem e Testes",,Medium,"Social,Marketing"
"Atualizar links do Instagram em config.js","Adicionar URLs das 3 contas. Testar que abrem corretamente","DIA 2: Hospedagem e Testes",,High,"Configuração,Social"
"Definir estratégia de conteúdo do Instagram","Tema/personagem de cada dupla, tom de voz, quantos posts, quando postar","ESTRATÉGIA INSTAGRAM (Paralelo)",,High,"Social,Marketing,Estratégia"
"Criar bios dos Instagram com pistas visuais","Bio intrigante + emoji temático. Exemplo: 🔍 Ajudar a encontrar...","ESTRATÉGIA INSTAGRAM (Paralelo)",,High,"Social,Marketing,Content"
"Preparar posts pré-evento (Stories + Feed)","Stories: birita desapareceu, equipes investigam. Feed: posts com pistas visuais/cifradas","ESTRATÉGIA INSTAGRAM (Paralelo)",,High,"Social,Marketing,Content"
"Definir estilo visual do Instagram","Paleta de cores, filtros, tipografia, template de Stories e posts","ESTRATÉGIA INSTAGRAM (Paralelo)",,Medium,"Social,Design,Marketing"
"Criar conteúdo de pista para Instagram","Qual pista cada dupla revela? Código, dica, foto escondida, primeiras palavras da frase?","ESTRATÉGIA INSTAGRAM (Paralelo)",,High,"Social,Content,Gamification"
"Preparar respostas automáticas no Instagram (DMs)","O que responder quando alguém envia DM? Preparar 2-3 variações de resposta","ESTRATÉGIA INSTAGRAM (Paralelo)",,Medium,"Social,Customer Service"
"Segurança das contas de Instagram","Senhas fortes, 2FA, emails de recuperação, backup de acesso","ESTRATÉGIA INSTAGRAM (Paralelo)",,High,"Social,Segurança,DevOps"
"Timeline de posts no Instagram","T-7 dias: anúncio. T-3: stories. T-1: post com pista. T-0: stories ao vivo. T+0: respostas. T+1: resultado","ESTRATÉGIA INSTAGRAM (Paralelo)",,Medium,"Social,Marketing,Planejamento"
"Testes finais de Instagram","Acessar pelo celular, testar links bio, Stories, DMs, abrir pelo site do ARG","ESTRATÉGIA INSTAGRAM (Paralelo)",,High,"Social,Teste,QA"
"Teste da página de entrada (index.html)","Testar códigos válidos, inválidos, maiúsculas/minúsculas, comportamento de erro","DIA 3: Testes e Documentação",,High,"Teste,QA"
"Teste das 6 páginas de equipes","Abrir cada equipe, inspecionar código para encontrar coordenadas, verificar que são únicas","DIA 3: Testes e Documentação",,High,"Teste,QA"
"Teste das 3 bibliotecas de duplas","Abrir dupla1, dupla2, dupla3. Clicar em cada autor. Confirmar que só 1 por dupla abre Instagram","DIA 3: Testes e Documentação",,High,"Teste,QA"
"Teste do notebook final","Testar frase correta (maiúsculas, acentos), frases erradas, efeito confete","DIA 3: Testes e Documentação",,High,"Teste,QA"
"Preencher GUIA-RAPIDO-EVENTO.md","Adicionar URLs, códigos secretos, coordenadas, autores-chave, frase-chave. Salvar como PDF","DIA 3: Testes e Documentação",,High,"Documentação,Impressão"
"Preparar cartões-postais para impressão","Editar CARTOES-POSTAIS-TEMPLATE.html com código e URL de cada equipe. Imprimir 2 cópias/equipe","DIA 3: Testes e Documentação",,High,"Impressão,Design"
"Criar checklist pré-evento","Equipamentos, conectividade, plano offline. Documentar tudo","DIA 3: Testes e Documentação",,Medium,"Documentação,Checklist"
"Recrutar testadores (2-3 pessoas)","Convite para simular experiência do jogador. Fornecer só o código secreto","DIA 4: Simulação com Usuários",,High,"Teste,Validação"
"Executar testes com simulação","Observar como navegam, cronometrar, anotar dificuldades. Teste em 4G/WiFi, iOS/Android","DIA 4: Simulação com Usuários",,High,"Teste,QA,Validação"
"Documentar tempo de cada etapa","Portal → Equipe → Coordenada → Local → Biblioteca → Instagram → Final. Tempo total","DIA 4: Simulação com Usuários",,Medium,"Documentação,Análise"
"Preparar respostas para dúvidas comuns","Documentar como responder: qual próximo passo, não encontrou coordenadas, Instagram não abre, frase não funciona","DIA 4: Simulação com Usuários",,High,"Documentação,Suporte"
"Analisar feedback e fazer ajustes","Redesenhar dicas, melhorar layout, ajustar cores se necessário baseado no teste","DIA 4: Simulação com Usuários",,High,"Análise,Melhoria"
"Verificação final de todas as configurações","Testar todos os 6 códigos, 6 coordenadas, 3 Instagrams, frase-chave, confete","DIA 5: Preparativos Finais",,High,"Teste,QA,Checklist"
"Fazer backup offline do site","Download completo em ZIP. Testar abertura offline. Guardar em USB como plano B","DIA 5: Preparativos Finais",,High,"Backup,Segurança"
"Preparar briefing para coordenadores","Criar documento com dicas (níveis: leve/média/forte). Treinar 2 pessoas para suporte","DIA 5: Preparativos Finais",,Medium,"Documentação,Treinamento"
"Imprimir materiais finais","Cartões-postais (6 cores), guia rápido. Preparar prêmios","DIA 5: Preparativos Finais",,High,"Impressão,Logística"
"Testar internet no local do evento","Conectar celular à rede WiFi/4G, carregar todas as páginas, medir velocidade","DIA 5: Preparativos Finais",,High,"Teste,Infraestrutura"
"Briefing final com time","Explicar lore, fluxo completo, como responder dúvidas, distribuir cartões, confirmar timing","DIA 5: Preparativos Finais",,High,"Reunião,Treinamento"
"Revisão de segurança","Instagram apropriado? Frase-chave apropriada? Navegadores atualizados? Conteúdo seguro?","DIA 5: Preparativos Finais",,Medium,"Segurança,Compliance"
"Scouting dos 6 locais físicos","Visitar cada local, fotografar, anotar se tem sombra/água/banheiro. Confirmar coordenadas GPS e segurança","PREPARAÇÕES FÍSICAS (Paralelo)",,High,"Físico,Logística"
"Preparar lista de materiais a imprimir","Cartões-postais (6 cores), Guia Rápido, placares, QR codes, instruções. Orçar e confirmar impressão","PREPARAÇÕES FÍSICAS (Paralelo)",,High,"Físico,Impressão"
"Definir local e datas de impressão","Obter orçamentos, confirmar data de entrega (mínimo 1 semana antes)","PREPARAÇÕES FÍSICAS (Paralelo)",,Medium,"Físico,Logística"
"Preparar lista de prêmios e bebidas","Garrafa especial, bebidas alcoólicas, sem álcool, copos, gelo, guardanapos. Confirmar autorização legal","PREPARAÇÕES FÍSICAS (Paralelo)",,High,"Físico,Bebidas,Legal"
"Organizar transporte seguro","Definir serviço táxi/Uber, comunicar aos participantes, confirmar reembolso se necessário","PREPARAÇÕES FÍSICAS (Paralelo)",,High,"Físico,Segurança,Transporte"
"Preparar briefing visual para coordenadores","Imprimir fotos dos 6 locais, criar mapa com coordenadas, preparar sinalização opcional","PREPARAÇÕES FÍSICAS (Paralelo)",,Medium,"Físico,Documentação"
"Setup de internet e infraestrutura","Testar WiFi em 6 locais, confirmar 4G backup, power banks carregados","DIA DO EVENTO: Setup Físico",,High,"Físico,Infraestrutura"
"Preparação dos 6 pontos de partida","Visitar locais, sinalizar, deixar cartões, confirmar coordenadas GPS funcionam, fotografia","DIA DO EVENTO: Setup Físico",,High,"Físico,Logística"
"Setup da área de recepção","Montar estação com tablets/computadores, deixar cartões-postais prontos, água e lanches","DIA DO EVENTO: Setup Físico",,High,"Físico,Logística"
"Setup da área de premiação/open bar","Refrigerar bebidas, montar bar, deixar garrafa especial, bebidas sem álcool, info transporte seguro","DIA DO EVENTO: Setup Físico",,High,"Físico,Bebidas,Logística"
"Distribuir materiais para coordenadores","Guia Rápido, fotos dos locais, mapa com coordenadas, números de emergência","DIA DO EVENTO: Setup Físico",,High,"Físico,Documentação"
"Verificação final de equipamentos","Projetores, caixa som, celulares 100%, carregadores, WiFi forte, QR codes legíveis","DIA DO EVENTO: Setup Físico",,High,"Físico,Checklist"
"Briefing final com coordenadores","Explicar lore, demonstrar fluxo digital+físico, treinar respostas, timing, distribuir cartões","DIA DO EVENTO: Setup Físico",,High,"Reunião,Treinamento"
"Designar gerenciador de Instagram para cada dupla","Dupla 1: ___, Dupla 2: ___, Dupla 3: ___. Treinar respostas a DMs e posts de Stories","DIA DO EVENTO: Gerenciamento Instagram",,High,"Social,Gerenciamento,Treinamento"
"Preparar celular com acesso aos Instagram","Login testado, internet confirmada, senhas seguras mas acessíveis","DIA DO EVENTO: Gerenciamento Instagram",,High,"Social,Infraestrutura"
"Monitorar DMs em tempo real","Responder rapidamente com mensagem pré-preparada. Anotar quem pegou a pista","DIA DO EVENTO: Gerenciamento Instagram",,High,"Social,Suporte,Gamification"
"Postar Stories durante o evento","T+0h, T+30min, T+60min, T+90min, T+120min com atualizações do progresso","DIA DO EVENTO: Gerenciamento Instagram",,Medium,"Social,Marketing,Engagement"
"Monitorar comentários nos posts","Responder dúvidas, motivar equipes, manter engajamento","DIA DO EVENTO: Gerenciamento Instagram",,Medium,"Social,Suporte"
"Backup: Acesso à conta se gerenciador falhar","2 pessoas com acesso a cada Instagram. Senha de recuperação disponível","DIA DO EVENTO: Gerenciamento Instagram",,High,"Social,Segurança,Backup"
